File Name,Face Id,Distance b/w left eye and nose,Distance b/w right eye and nose,Distance b/w nose and left side of mouth,Distance b/w nose and right side of mouth
frame0.jpg,5f9c372af5e1439da58d7199f7ae155f,14.08684596509226,15.043379006145917,13.161361836174798,14.349761681507392
frame1.jpg,44658ee77682046b3e13b777afb6a563,14.70971196614351,15.360357707125615,13.242033232104244,14.585221597830612
frame2.jpg,ed119a571cf7ded665489b5fa1071fc7,14.822459154784406,15.432389261195782,13.101358022926599,14.250060480744219
frame3.jpg,c009635e62e6710482c2a04272b830d9,15.336792612501887,15.56985662683635,13.053827727169384,14.530759210014704
frame4.jpg,39c93e9d8534906372d7150b1cfeec22,15.066926328663232,15.31540589042029,12.965702781000507,14.566767865802541
