File Name,Face Id,Distance b/w left eye and nose,Distance b/w right eye and nose,Distance b/w nose and left side of mouth,Distance b/w nose and right side of mouth
frame0.jpg,1866c43e043152cae7fcc46d9588bd4e,14.08684596509226,15.043379006145917,13.161361836174798,14.349761681507392
frame1.jpg,91968ecd533bf0ad6362ef51363e395a,15.479121530338462,15.514053276302745,11.810081065389832,12.300677583488477
frame2.jpg,52e7f0e0185e6da1a8bfc4a675acea0d,7.76354123810845,11.852971345461729,17.620214632225178,16.995527160816017
frame3.jpg,1b5f0b0b10ea4a5f9a5679a0e7bbf834,12.691241552212833,13.562627910207524,15.25388114895348,15.341633488592695
frame4.jpg,eee820ccb55670b6d3305ed55d1b2eb7,14.506436854426534,15.06043404641031,14.604091024232407,14.720127024939577
frame5.jpg,cd5b7b9b805bcf6080c5bfb32d840c53,14.404144954314646,14.767409940402047,14.066004228211401,14.340502361066847
