File Name,Face Id,Distance b/w left eye and nose,Distance b/w right eye and nose,Distance b/w nose and left side of mouth,Distance b/w nose and right side of mouth
frame0.jpg,dabb333d739f0c1587fc0a06ed0cde05,14.08684596509226,15.043379006145917,13.161361836174798,14.349761681507392
frame1.jpg,191864f9bb0440eb613a28af638ed686,15.479121530338462,15.514053276302745,11.810081065389832,12.300677583488477
frame2.jpg,0244b65090531f9321e275a8521ace9f,7.76354123810845,11.852971345461729,17.620214632225178,16.995527160816017
frame3.jpg,44eeb657291e242ff454032f08cf800d,12.691241552212833,13.562627910207524,15.25388114895348,15.341633488592695
frame4.jpg,4893637ee0926e7cb3b78af025aa3571,14.506436854426534,15.06043404641031,14.604091024232407,14.720127024939577
frame5.jpg,92b35c1b7a0603e195bf636953addfc5,14.404144954314646,14.767409940402047,14.066004228211401,14.340502361066847
