File Name,Face Id,Distance b/w left eye and nose,Distance b/w right eye and nose,Distance b/w nose and left side of mouth,Distance b/w nose and right side of mouth
frame0.jpg,b8176e128eb2e18cd37865e324e83ae0,14.08684596509226,15.043379006145917,13.161361836174798,14.349761681507392
frame1.jpg,6064f09fc830ed292f69be4a0988ae91,14.70971196614351,15.360357707125615,13.242033232104244,14.585221597830612
frame2.jpg,81064e8e89db354a0da8f91218f50975,14.822459154784406,15.432389261195782,13.101358022926599,14.250060480744219
frame3.jpg,9926ad7a9df0e16aacdc3765c0c9ad71,15.336792612501887,15.56985662683635,13.053827727169384,14.530759210014704
frame4.jpg,718c6a2032be427980ce0c7458c69d93,15.066926328663232,15.31540589042029,12.965702781000507,14.566767865802541
